"firstname","lastname","schoolid","experience_category"
"monica","jain",1,"fresher"
"neha","acharya",2,"fresher"
"jayant","guru",3,"fresher"
"ram","patnaik",4,"experienced"
"praful","kumar",5,"experienced"
"poonam","kumari",6,"experienced"
"praful","kumar",7,"well_experienced"
"Hank","Hernandez",8,"well_experienced"
"Ivy","Lopez",9,"well_experienced"
"Jack","Miller",10,"well_experienced"
"Kara","Wilson",1,"fresher"
"Liam","Moore",2,"fresher"
"Mia","Taylor",3,"fresher"
"Nina","Anderson",4,"experienced"
"Oscar","Thomas",5,"experienced"
"Paul","Jackson",6,"experienced"
"Quinn","White",7,"well_experienced"
"Rita","Harris",8,"well_experienced"
"Sam","Martin",9,"well_experienced"
"Tina","Thompson",10,"well_experienced"
"Uma","Gupta",1,"fresher"
"Wendy","Hernandez",3,"fresher"
"Xander","Lopez",4,"experienced"
"Aaa","Smith",1,"fresher"
"Bbb","Johnson",2,"fresher"
"cc","Williams",3,"fresher"
"David","Brown",4,"experienced"
"Eve","Jones",5,"experienced"
"Frank","Garcia",6,"experienced"
"Grace","Martinez",7,"well_experienced"
"Hank","Hernandez",8,"well_experienced"
"Ivy","Lopez",9,"well_experienced"
"Jack","Miller",10,"well_experienced"
"Kara","Wilson",1,"fresher"
"Liam","Moore",2,"fresher"
"Mia","Taylor",3,"fresher"
"Nina","Anderson",4,"experienced"
"Oscar","Thomas",5,"experienced"
"Paul","Jackson",6,"experienced"
"Quinn","White",7,"well_experienced"
"Rita","narula",8,"well_experienced"
"Sam","Martin",9,"well_experienced"
"Tina","Thompson",10,"well_experienced"
"Uma","Garcia",1,"fresher"
"Victor","Martinez",2,"fresher"
"Wendy","Hernandez",3,"fresher"
"Xander","Lopez",4,"experienced"
"Aaa","Smith",1,"fresher"
"Bbb","Johnson",2,"fresher"
"cc","Williams",3,"fresher"
"David","Brown",4,"experienced"
"Eve","Jones",5,"experienced"
"Frank","Garcia",6,"experienced"
"Grace","Martinez",7,"well_experienced"
"Hank","Hernandez",8,"well_experienced"
"Ivy","Lopez",9,"well_experienced"
"Jack","Miller",10,"well_experienced"
"Kara","Wilson",1,"fresher"
"Liam","Moore",2,"fresher"
"Mia","Taylor",3,"fresher"
"Nina","Anderson",4,"experienced"
"Oscar","Thomas",5,"experienced"
"Paul","Jackson",6,"experienced"
"Quinn","White",7,"well_experienced"
"Rita","Harris",8,"well_experienced"
"Sam","Martin",9,"well_experienced"
"Tina","Thompson",10,"well_experienced"
"Uma","Garcia",1,"fresher"
"Victor","Martinez",2,"fresher"
"Wendy","Hernandez",3,"fresher"
"Xander","Lopez",4,"experienced"
"Aaa","Smith",1,"fresher"
"Bbb","Johnson",2,"fresher"
"kim","Williams",3,"fresher"
"David","Brown",4,"experienced"
"Eve","Jones",5,"experienced"
"Frank","Garcia",6,"experienced"
"Grace","Martinez",7,"well_experienced"
"Hank","Hernandez",8,"well_experienced"
"Ivy","Lopez",9,"well_experienced"
"Jack","Miller",10,"well_experienced"
"Kara","Wilson",1,"fresher"
"Liam","Moore",2,"fresher"
"niti","Taylor",3,"fresher"
"Nina","Anderson",4,"experienced"
"Oscar","Thomas",5,"experienced"
"Paul","Jackson",6,"experienced"
"Quinn","White",7,"well_experienced"
"Rita","narula",8,"well_experienced"
"Sam","Martin",9,"well_experienced"
"Tina","Thompson",10,"well_experienced"
"Uma","Garcia",1,"fresher"
"Victor","Martinez",2,"fresher"
"Wendy","Hernandez",3,"fresher"
"Xander","Lopez",4,"experienced"
"Aaa","Smith",1,"fresher"
"Bbb","Johnson",2,"fresher"
"cc","Williams",3,"fresher"
"David","Brown",4,"experienced"
"Uma","Garcia",1,"fresher"
"Victor","Martinez",2,"fresher"
"Wendy","Hernandez",3,"fresher"
"Xander","Lopez",4,"experienced"
"Aaa","Smith",1,"fresher"
"Bbb","Johnson",2,"fresher"
"cc","Williams",3,"fresher"
"David","Brown",4,"experienced"
"Eve","Jones",5,"experienced"
"Frank","Garcia",6,"experienced"
"Grace","Martinez",7,"well_experienced"
"Hardik","pandya",8,"well_experienced"
"Ivy","Lopez",9,"well_experienced"
"Jack","Miller",10,"well_experienced"
"Kara","Wilson",1,"fresher"
"Liam","Moore",2,"fresher"
"niti","Taylor",3,"fresher"
"Nina","Anderson",4,"experienced"
"Oscar","Thomas",5,"experienced"
"Paul","Jackson",6,"experienced"
"priyal","sharma",7,"well_experienced"
"Rita","Harris",8,"well_experienced"
"pushparaj","kulkarni",9,"well_experienced"
"vaibhavi","gupta",10,"well_experienced"
"aman","mahsehwari",1,"fresher"
"raman","shukla",2,"fresher"
"aman","yadav",3,"fresher"
"chintan","patel",4,"experienced"
"vaibhavi","gupta",9,"well_experienced"
"disha","patani",10,"well_experienced"
"daya","gada",10,"well_experienced"
"sonu ","bhide",10,"well_experienced"
"komal","aacharya",10,"well_experienced"
"neha","jain",5,"experienced"
"aman","mahsehwari",10,"well_experienced"
"raman","shukla",6,"experienced"
"aman","yadav",10,"well_experienced"
"chintan","patel",8,"well_experienced"
"vaibhavi","gupta",10,"well_experienced"
"disha","patani",1,"fresher"
"daya","gada",2,"fresher"
"sonu ","bhide",5,"experienced"
"komal","aacharya",10,"well_experienced"
"neha","jain",10,"well_experienced"
"aman","mahsehwari",10,"well_experienced"
"raman","shukla",8,"well_experienced"
"aman","yadav",9,"well_experienced"
"chintan","patel",10,"well_experienced"
"vaibhavi","gupta",10,"well_experienced"
"disha","patani",5,"experienced"
"daya","gada",10,"well_experienced"
"sonu ","bhide",10,"well_experienced"
"komal","aacharya",10,"well_experienced"
"neha","jain",4,"experienced"
"aman","mahsehwari",3,"fresher"
"raman","shukla",7,"well_experienced"
"aman","yadav",9,"well_experienced"
"chintan","patel",1,"fresher"
"vaibhavi","gupta",10,"well_experienced"
"disha","patani",2,"fresher"
"daya","gada",3,"fresher"
"sonu ","bhide",4,"experienced"
"komal","aacharya",5,"experienced"
"neha","jain",4,"experienced"
"aman","mahsehwari",8,"well_experienced"
"raman","shukla",7,"well_experienced"
"aman","yadav",6,"experienced"
"chintan","patel",2,"fresher"
"vaibhavi","gupta",3,"fresher"
"disha","patani",1,"fresher"
"daya","gada",1,"fresher"
"sonu ","bhide",5,"experienced"
"komal","aacharya",8,"well_experienced"
"neha","jain",7,"well_experienced"
"aman","mahsehwari",9,"well_experienced"
"raman","shukla",1,"fresher"
"aman","yadav",5,"experienced"
"chintan","patel",2,"fresher"
"vaibhavi","gupta",4,"experienced"
"disha","patani",8,"well_experienced"
"daya","gada",9,"well_experienced"
"sonu ","bhide",3,"fresher"
"komal","aacharya",2,"fresher"
"neha","jain",2,"fresher"
"aman","mahsehwari",1,"fresher"
"raman","shukla",2,"fresher"
"aman","yadav",3,"fresher"
"chintan","patel",4,"experienced"
"vaibhavi","gupta",5,"experienced"
"disha","patani",4,"experienced"
"daya","gada",7,"well_experienced"
"sonu ","bhide",10,"well_experienced"
"komal","aacharya",10,"well_experienced"
"neha","jain",5,"experienced"
"aman","mahsehwari",6,"experienced"
"raman","shukla",9,"well_experienced"
"aman","yadav",8,"well_experienced"
"chintan","patel",8,"well_experienced"
"vaibhavi","gupta",7,"well_experienced"
"disha","patani",5,"experienced"
